,CE,DR,GWP_inv,CED_inv
CE,1.0,3.0,5.0,5.0
DR,0.3333333333333333,1.0,3.0,3.0
GWP_inv,0.2,0.3333333333333333,1.0,1.0
CED_inv,0.2,0.3333333333333333,1.0,1.0
